{
  "project_info": {
    "project_number": "43126312260",
    "project_id": "studentdetailsapp2",
    "storage_bucket": "studentdetailsapp2.appspot.com"
  },
  "client": [
    {
      "client_info": {
        "mobilesdk_app_id": "1:43126312260:android:7ef9dc63e65717133fdb11",
        "android_client_info": {
          "package_name": "com.example.studentdetailsapp"
        }
      },
      "oauth_client": [],
      "api_key": [
        {
          "current_key": "AIzaSyD6lgkez6wR8slEE0D8Yb8CDnGtxsnUuuI"
        }
      ],
      "services": {
        "appinvite_service": {
          "other_platform_oauth_client": []
        }
      }
    }
  ],
  "configuration_version": "1"
}